Postcode area,Area covered,Population,Households,Postcodes,Active postcodes,Non-geographic postcodes,Latitude,Longitude,Nearest Postcode Areas,Country
AB,Aberdeen,499692,218798,38651,17001,1,57.3007,-2.30763,IV/DD/PH/KY/KW/EH/FK/TD/PA,Scotland
AL,St Albans,249911,99209,11282,7749,0,51.7755,-0.283822,SG/WD/EN/LU/HP/N /HA/NW/UB,England
B,Birmingham,1904293,750842,60838,41253,0,52.4651,-1.88872,DY/WS/WV/CV/WR/DE/GL/LE/ST,England
BA,Bath,434539,183530,19759,15044,0,51.2294,-2.41752,BS/SN/TA/SP/DT/GL/EX/NP/BH,England
BB,Blackburn,488564,202015,18710,13123,0,53.7872,-2.3339,OL/BL/PR/BD/HX/M /WN/L /LS,England
BD,Bradford,578374,223952,23226,16915,12,53.8287,-1.82869,WF/HD/HX/LS/BB/LA/OL/HG/S,England
BH,Bournemouth,552110,242907,22044,15137,0,50.7504,-1.89076,SO/SP/DT/PO/BA/SN/TA/RG/GU,England
BL,Bolton,379929,159979,13840,10262,0,53.5868,-2.40785,M /WN/OL/BB/PR/WA/L /SK/HX,England
BN,Brighton,802838,356367,34673,21882,1,50.8289,-0.119596,PO/RH/TN/GU/CR/KT/ME/SO/SM,England
BR,Bromley,299157,124954,10514,6809,0,51.3944,0.0424326,SE/DA/CR/TN/SW/E /SM/RM/EC,England
BS,Bristol,940076,398197,44985,26612,0,51.4488,-2.62249, BA/GL/TA/NP/SN/CF/HR/SP/DT,England
BT,Northern Ireland,1787720,693967,61403,48961,813,54.6037,-6.38086,,Northern Ireland
CA,Carlisle,318114,140587,16106,12571,0,54.7318,-3.1085,NE/DG/LA/DL/DH/TD/BD/HG/FY,England
CB,Cambridge,421151,167640,18952,10446,0,52.2065,0.189002, SG/PE/IP/CO/CM/MK/EN/AL/NN,England
CF,Cardiff,1005305,419896,42127,23061,0,51.5344,-3.29362,NP/SA/BS/LD/TA/EX/HR/GL/BA,Wales
CH,Chester,659880,285880,24054,18686,0,53.2905,-3.02016, L /WA/CW/LL/SY/PR/WN/TF/ST,England
CM,Chelmsford,653626,270044,26952,17679,0,51.7581,0.403841,SS/IG/RM/EN/SG/CO/CB/E /N,England
CO,Colchester,411411,176939,17788,13078,0,51.903,0.924498,IP/CM/CB/SS/SG/ME/RM/NR/CT,England
CR,Croydon,405236,158695,14516,7855,0,51.356,-0.103245,SW/SE/SM/BR/KT/RH/TN/W /TW,England
CT,Canterbury,482627,206290,19561,14741,0,51.2555,1.23147, ME/TN/SS/CM/DA/RM/CO/BR/BN,England
CV,Coventry,821033,341504,27853,20073,0,52.3674,-1.50124, NN/LE/B /OX/GL/DE/WR/WS/NG,England
CW,Crewe,309487,130803,13821,9411,0,53.1551,-2.45003,WA/ST/CH/SK/TF/SY/M /L /LL,England
DA,Dartford,430139,173329,12700,8956,0,51.4422,0.220513,SE/BR/RM/IG/ME/E /TN/SS/CR,England
DD,Dundee,280568,128312,11234,8912,0,56.5368,-2.86451, KY/PH/AB/EH/FK/TD/G /ML/IV,Scotland
DE,Derby,730125,306586,29773,17015,0,52.9333,-1.49125, NG/S /LE/WS/ST/B /CV/SK/WV,England
DG,Dumfries and Galloway,151139,67885,7697,6820,1,55.0227,-3.88072, CA/KA/TD/ML/NE/EH/G /PA/LA,Scotland
DH,Durham,309030,132814,11379,8938,0,54.825,-1.61402, NE/DL/SR/TS/CA/YO/HG/LA/DG,England
DL,Darlington,360734,156814,16591,13236,0,54.5329,-1.65972,DH/TS/HG/YO/SR/NE/CA/BD/LA,England
DN,Doncaster,756058,320303,27610,21580,0,53.5411,-0.720285, S /HU/WF/YO/LN/NG/LS/HD/DE,England
DT,Dorchester,212796,93053,9707,7773,0,50.7546,-2.48308, EX/BA/TA/BH/SP/BS/SO/TQ/SN,England
DY,Dudley,410847,171692,14360,10925,0,52.4536,-2.17689,WV/B /WS/SY/WR/ST/TF/HR/DE,England
E,East London,989043,370613,27907,15985,0,51.5435,-0.0158001, EC/SE/N /IG/WC/EN/SW/RM/W,England
EC,Central London,33956,17102,12497,3693,0,51.5187,-0.0967366,WC/E /SE/N /W /SW/NW/IG/BR,England
EH,Edinburgh,868113,389353,32050,24177,2,55.9266,-3.2277, KY/ML/FK/TD/G /PH/DG/PA/KA,Scotland
EN,Enfield,344780,137907,12937,8469,61,51.6817,-0.0864103,N /WD/E /NW/AL/SG/CM/HA/IG,England
EX,Exeter,547401,235895,28329,22067,0,50.8268,-3.65597,TQ/DT/TA/PL/BA/CF/SA/BS/TR,England
FK,Falkirk and Stirling,276371,119790,9545,7685,0,56.0772,-3.85941,G /EH/ML/KY/PH/PA/KA/DD/DG,Scotland
FY,Blackpool,276593,125986,9981,7253,0,53.8249,-3.02277, PR/LA/L /WN/BB/WA/BL/CH/M,England
G,Glasgow,1183614,540601,46444,31560,0,55.8688,-4.26831,PA/ML/FK/KA/EH/KY/PH/DG/TD,Scotland
GL,Gloucester,605458,257602,28302,20798,0,51.8369,-2.17608,WR/BS/HR/NP/SN/OX/CV/B /BA,England
GU,Guildford,726120,288537,35239,21967,0,51.2316,-0.717465,RG/KT/SL/TW/RH/SO/PO/UB/BN,England
,Guernsey,,,,,,,,JE,Channel Islands
HA,Harrow,480678,169132,17311,10095,0,51.5853,-0.336095,NW/UB/W /WD/EN/N /TW/SW/SL,England
HD,Huddersfield,262843,111694,10662,7074,0,53.6302,-1.78273,HX/BD/WF/S /OL/LS/SK/M /BL,England
HG,Harrogate,138214,59455,6262,4367,0,54.0372,-1.54622,LS/DL/YO/BD/WF/HX/HD/BB/TS,England
HP,Hemel Hempstead,488592,195951,21544,13860,0,51.7243,-0.69105,SL/WD/AL/OX/RG/UB/MK/LU/HA,England
HR,Hereford,176308,75400,7846,6339,0,52.0658,-2.71967,GL/WR/LD/NP/SY/DY/BS/WV/B,England
HS,Outer Hebrides,27663,12565,1084,957,0,57.9785,-6.69434,IV/PH/PA/KW/FK/G /AB/KA/ML,Scotland
HU,Hull,443219,191836,15136,10885,0,53.7682,-0.353415,DN/YO/LN/LS/WF/S /PE/HG/NG,England
HX,Halifax,160137,68980,7345,5623,0,53.7203,-1.89278,HD/BD/OL/WF/LS/BB/M /SK/BL,England
IG,Ilford,335693,119754,9915,5942,0,51.584,0.0717428,RM/E /SE/CM/DA/N /EN/EC/NW,England
IM,Isle of Man,,,,,,,,,Isle of Man
IP,Ipswich,595883,252895,26615,20822,0,52.1947,1.08412, CO/NR/CB/PE/CM/SG/SS/MK/CT,England
IV,Inverness,228056,98990,10651,7287,1,57.5866,-4.1179, PH/AB/KW/HS/PA/FK/DD/G /KY,Scotland
JE,Channel Islands,,,,,,,,GY,Channel Islands
KA,Kilmarnock,370877,166467,14068,11573,0,55.5639,-4.60644,PA/G /DG/ML/EH/FK/KY/PH/TD,Scotland
KT,Kingston upon Thames,529633,214274,22187,14119,0,51.36,-0.34312,TW/SW/SM/GU/RH/CR/W /SL/UB,England
KW,Kirkwall,53132,24290,2095,1825,0,58.6547,-3.28239,IV/AB/PH/HS/ZE/DD/PA/FK/KY,Scotland
KY,Kirkcaldy,363956,160089,13048,10042,0,56.1623,-3.21256,EH/DD/PH/FK/G /ML/TD/PA/AB,Scotland
L,Liverpool,856675,370680,43008,20334,0,53.4158,-2.96319,CH/WA/WN/PR/BL/FY/CW/BB/M,England
LA,Lancaster,328926,143213,14612,11769,0,54.1712,-2.90465,CA/PR/BD/FY/BB/DL/L /BL/WN,England
LD,Llandrindod Wells,50225,22291,2641,2201,0,52.1289,-3.3411,HR/SY/NP/SA/CF/WR/DY/TF/LL,Wales
LE,Leicester,985352,391460,34223,22175,0,52.6443,-1.14848,CV/DE/NN/NG/PE/B /WS/ST/LN,England
LL,Llandudno,537252,232655,24202,20053,0,53.1333,-3.71615,SY/CH/CW/WA/L /TF/SA/PR/ST,Wales
LN,Lincoln,293141,126372,11832,9127,0,53.2565,-0.356435,NG/PE/DN/HU/S /LE/YO/DE/WF,England
LS,Leeds,774677,330676,31563,21609,0,53.8227,-1.55327,WF/BD/HG/YO/HD/DN/HX/S /BB,England
LU,Luton,336095,129149,10245,6213,0,51.8965,-0.509492,AL/MK/SG/HP/WD/EN/OX/HA/NN,England
M,Manchester,1167414,492884,58258,31629,0,53.4787,-2.27177,SK/BL/OL/WA/WN/BB/PR/CW/HD,England
ME,Rochester,606891,245786,21841,16198,0,51.3339,0.58438,TN/DA/CT/RM/SS/BR/CM/SE/RH,England
MK,Milton Keynes,508035,202926,22478,15292,0,52.0624,-0.66603,SG/LU/OX/NN/HP/PE/AL/CB/CV,England
ML,Motherwell,382997,168005,11639,9626,0,55.7764,-3.94386,G /EH/FK/KA/PA/DG/KY/TD/PH,Scotland
N,North London,847197,344938,29025,17526,78,51.5853,-0.114067,WC/EC/NW/E /EN/W /SE/SW/IG,England
NE,Newcastle upon Tyne,1162976,510229,44770,33072,1,55.0361,-1.6421,DH/SR/CA/DL/TD/TS/DG/EH/YO,England
NG,Nottingham,1163617,493228,36925,28711,2,53.0054,-1.0724,DE/S /LE/LN/DN/PE/CV/NN/B,England
NN,Northampton,653055,272356,24675,16354,0,52.2888,-0.841617,CV/LE/MK/OX/PE/HP/SG/LU/NG,England
NP,Newport,488569,206539,27865,13660,0,51.673,-3.01613,CF/GL/BS/HR/LD/SA/BA/SN/TA,Wales
NR,Norwich,722618,315784,27999,23364,0,52.6461,1.34049,IP/PE/CO/CB/LN/CM/SG/NG/DN,England
NW,North West London,553732,222208,25323,14207,0,51.5548,-0.196818,W /WC/N /HA/EC/SW/EN/UB/SE,England
OL,Oldham,462590,188194,17568,13017,0,53.5817,-2.12594,SK/M /BB/BL/HX/HD/BD/WA/WN,England
OX,Oxford,613492,242551,34449,19539,0,51.7959,-1.29037,HP/MK/RG/SN/CV/GL/NN/SL/LU,England
PA,Paisley,321350,148778,12855,9329,1,56.0706,-4.91221,G /KA/FK/PH/ML/EH/IV/KY/DG,Scotland
PE,Peterborough,890470,373108,38634,26380,0,52.6268,-0.0450282,CB/LN/MK/SG/IP/NN/NR/NG/LE,England
PH,Perth,165118,73021,7323,6051,0,56.5623,-3.73376,DD/IV/KY/FK/AB/PA/EH/G /ML,Scotland
PL,Plymouth,543016,232152,22238,17491,0,50.4277,-4.3255,TQ/TR/EX/TA/DT/CF/SA/BA/BS,England
PO,Portsmouth,822540,352453,32562,23987,0,50.8019,-1.03508,SO/BN/GU/BH/RH/SP/RG/DT/KT,England
PR,Preston,520366,219388,19732,13009,0,53.7223,-2.75209,L /WN/BL/FY/BB/LA/M /WA/CH,England
RG,Reading,778419,314408,45299,23043,0,51.4046,-1.02819,SL/GU/SP/OX/HP/SO/SN/TW/KT,England
RH,Redhill,531923,217143,23887,16025,0,51.1102,-0.208505,BN/KT/CR/TN/GU/SM/BR/PO/SE,England
RM,Romford,517305,205322,15020,9854,0,51.547,0.217283,IG/DA/SE/SS/CM/E /ME/BR/EN,England
S,Sheffield,1358186,578058,48756,33474,0,53.3941,-1.41231,DN/WF/DE/NG/HD/SK/LS/BD/HX,England
SA,Swansea,730075,315791,29127,23181,1,51.7606,-4.20653,CF/SY/LD/NP/LL/EX/TA/HR/BS,Wales
SE,South East London,988126,412444,33794,20703,91,51.4669,-0.0358446,EC/E /SW/WC/BR/CR/DA/W /IG,England
SG,Stevenage,402479,167182,16679,11834,0,51.9467,-0.159381,AL/EN/CB/MK/CM/LU/PE/N /HP,England
SK,Stockport,603540,260549,24793,16421,0,53.3714,-2.09816,M /OL/WA/S /CW/ST/DE/HD/BL,England
SL,Slough,373407,144554,16538,10744,0,51.5153,-0.642165,RG/HP/UB/WD/TW/GU/KT/HA/W,England
SM,Sutton,217171,87907,6579,4366,0,51.3628,-0.184588,SW/CR/KT/SE/RH/TW/BR/W /TN,England
SN,Swindon,458798,191252,21166,14411,0,51.5057,-1.89427,BA/OX/GL/RG/BS/SP/SO/NP/HP,England
SO,Southampton,665472,276330,39786,18320,0,50.9295,-1.39207,PO/BH/SP/GU/RG/SN/BA/DT/BN,England
SP,Salisbury,232282,94658,11232,8530,0,51.1085,-1.77924,RG/BA/BH/SO/DT/SN/TA/GU/PO,England
SR,Sunderland,250843,109612,8572,6547,8,54.8765,-1.38941,NE/TS/DH/DL/YO/HG/CA/BD/LA,England
SS,Southend-on-Sea,518631,216682,17126,11869,0,51.5622,0.599999,CM/RM/DA/ME/BR/SE/IG/TN/CO,England
ST,Stoke-on-Trent,644416,275646,22456,17633,0,52.9779,-2.14639,CW/WS/DE/WV/TF/SK/DY/WA/B,England
SW,South West London,877183,382790,36133,20404,0,51.4641,-0.167492,W /WC/SE/CR/TW/SM/EC/KT/NW,England
SY,Shrewsbury,341952,144660,17086,14364,0,52.6642,-3.04784,LL/DY/TF/CH/WR/CW/SA/HR/LD,England
TA,Taunton,322408,139414,14561,11653,0,51.0558,-3.0676,BA/BS/DT/EX/CF/SP/NP/SA/BH,England
TD,Galashiels,112644,52111,5202,4476,1,55.6143,-2.52519,EH/NE/DG/CA/KY/ML/DD/FK/DL,Scotland
TF,Telford,212536,85637,9126,6927,0,52.7132,-2.4619,WV/SY/ST/CW/DY/WS/B /CH/LL,England
TN,Tonbridge,681747,286228,32244,22606,0,51.0853,0.441401,ME/BR/RH/CR/DA/CT/BN/SE/SM,England
TQ,Torquay,281112,125365,13064,9986,0,50.4589,-3.61608,EX/PL/DT/TA/BA/TR/CF/BS/BH,England
TR,Truro,294061,127803,15135,12015,0,50.2107,-5.24409,PL/EX/TQ/TA/SA/DT/CF/BA/BS,England
TS,Cleveland,602320,256341,22761,17431,0,54.5849,-1.22379,SR/DH/DL/YO/NE/HG/LS/CA/BD,England
TW,Twickenham,491918,193508,19928,11179,0,51.4486,-0.390092,UB/W /SW/KT/SL/GU/NW/HA/SM,England
UB,Southall,371413,126879,11428,7154,0,51.5277,-0.417294,TW/HA/W /SL/WD/NW/HP/SW/KT,England
W,West London,531690,236493,39796,19037,0,51.5115,-0.192542,WC/SW/NW/TW/EC/HA/UB/N /SE,England
WA,Warrington,616482,261804,25386,18126,0,53.3906,-2.59131,M /L /WN/SK/CW/CH/BL/PR/OL,England
WC,Central London,35745,15757,7409,2675,0,51.5176,-0.122609,EC/W /SW/N /NW/SE/E /HA/CR,England
WD,Watford,256476,103336,15801,7325,0,51.6587,-0.393797,HA/EN/SL/UB/HP/AL/NW/N /W,England
WF,Wakefield,512784,214107,18086,14345,0,53.6855,-1.49677,BD/HD/S /LS/HX/DN/YO/OL/HG,England
WN,Wigan,309156,131514,9071,7112,0,53.5344,-2.63756,BL/M /WA/L /PR/BB/OL/CH/FY,England
WR,Worcester,287838,122730,12357,8673,0,52.1631,-2.16853,B /GL/HR/DY/SY/CV/WV/OX/TF,England
WS,Walsall,449728,181669,14751,10068,0,52.6493,-1.95739,B /WV/DY/DE/ST/CV/TF/LE/WR,England
WV,Wolverhampton,396187,162933,14168,10478,74,52.5808,-2.16227,DY/WS/B /TF/ST/SY/WR/DE/CV,England
YO,York,562761,242140,33990,18482,0,54.0449,-0.887378,LS/DN/HU/HG/DL/TS/WF/S /BD,England
ZE,Lerwick,23086,9915,748,652,0,60.2211,-1.19844,KW/AB/IV/PH/HS/DD/KY/FK/PA,Scotland
